{
  "dense": {
    "accuracy": 0.8269333333333333,
    "precision": 0.0038639876352395673,
    "recall": 0.35714285714285715,
    "f1": 0.00764525993883792,
    "roc_auc": 0.6688676004732643,
    "confusion_matrix": [
      [
        6197,
        1289
      ],
      [
        9,
        5
      ]
    ],
    "classification_report": "              precision    recall  f1-score   support\n\n           0       1.00      0.83      0.91      7486\n           1       0.00      0.36      0.01        14\n\n    accuracy                           0.83      7500\n   macro avg       0.50      0.59      0.46      7500\nweighted avg       1.00      0.83      0.90      7500\n"
  },
  "lstm": {
    "accuracy": 0.8585333333333334,
    "precision": 0.004730368968779565,
    "recall": 0.35714285714285715,
    "f1": 0.009337068160597572,
    "roc_auc": 0.6554520819816038,
    "confusion_matrix": [
      [
        6434,
        1052
      ],
      [
        9,
        5
      ]
    ],
    "classification_report": "              precision    recall  f1-score   support\n\n           0       1.00      0.86      0.92      7486\n           1       0.00      0.36      0.01        14\n\n    accuracy                           0.86      7500\n   macro avg       0.50      0.61      0.47      7500\nweighted avg       1.00      0.86      0.92      7500\n"
  },
  "lstm_attention": {
    "accuracy": 0.9169333333333334,
    "precision": 0.006482982171799027,
    "recall": 0.2857142857142857,
    "f1": 0.012678288431061807,
    "roc_auc": 0.6264932636158925,
    "confusion_matrix": [
      [
        6873,
        613
      ],
      [
        10,
        4
      ]
    ],
    "classification_report": "              precision    recall  f1-score   support\n\n           0       1.00      0.92      0.96      7486\n           1       0.01      0.29      0.01        14\n\n    accuracy                           0.92      7500\n   macro avg       0.50      0.60      0.48      7500\nweighted avg       1.00      0.92      0.95      7500\n"
  },
  "lstm_pe_attention": {
    "accuracy": 0.5396,
    "precision": 0.0023154848046309695,
    "recall": 0.5714285714285714,
    "f1": 0.004612280196021909,
    "roc_auc": 0.6074386473798711,
    "confusion_matrix": [
      [
        4039,
        3447
      ],
      [
        6,
        8
      ]
    ],
    "classification_report": "              precision    recall  f1-score   support\n\n           0       1.00      0.54      0.70      7486\n           1       0.00      0.57      0.00        14\n\n    accuracy                           0.54      7500\n   macro avg       0.50      0.56      0.35      7500\nweighted avg       1.00      0.54      0.70      7500\n"
  },
  "attention_extractor": {
    "accuracy": 0.9256,
    "precision": 0.007246376811594203,
    "recall": 0.2857142857142857,
    "f1": 0.014134275618374558,
    "roc_auc": 0.6127914965077669,
    "confusion_matrix": [
      [
        6938,
        548
      ],
      [
        10,
        4
      ]
    ],
    "classification_report": "              precision    recall  f1-score   support\n\n           0       1.00      0.93      0.96      7486\n           1       0.01      0.29      0.01        14\n\n    accuracy                           0.93      7500\n   macro avg       0.50      0.61      0.49      7500\nweighted avg       1.00      0.93      0.96      7500\n"
  }
}